mean_fit_time;std_fit_time;mean_score_time;std_score_time;param_model__optimizer;param_model__neurons;param_model__loss;param_model__kernel_initializer;param_model__dropout_rate;param_model__activation;param_epochs;param_batch_size;params;split0_test_score;split1_test_score;split2_test_score;mean_test_score;std_test_score;rank_test_score
51.35440524419149;0.3948461403991062;0.5077099800109863;0.0232065646479724;adam;16;mse;random_uniform;0.3;tanh;100;32;{'model__optimizer': 'adam', 'model__neurons': 16, 'model__loss': 'mse', 'model__kernel_initializer': 'random_uniform', 'model__dropout_rate': 0.3, 'model__activation': 'tanh', 'epochs': 100, 'batch_size': 32};-53752.89989389562;-54155.66515317334;-54461.663006314986;-54123.40935112798;290.2488759160412;69
48.93648989995321;0.5299562317123752;0.7822464307149252;0.1081035979123483;sgd;32;mse;normal;0.2;tanh;100;32;{'model__optimizer': 'sgd', 'model__neurons': 32, 'model__loss': 'mse', 'model__kernel_initializer': 'normal', 'model__dropout_rate': 0.2, 'model__activation': 'tanh', 'epochs': 100, 'batch_size': 32};-8990.495090998973;-9119.76464777646;-8920.806111072807;-9010.355283282746;82.4295467251721;20
50.41699560483297;1.739463190038519;0.8731407324473063;0.0222148933307311;sgd;16;mse;random_uniform;0.3;relu;100;32;{'model__optimizer': 'sgd', 'model__neurons': 16, 'model__loss': 'mse', 'model__kernel_initializer': 'random_uniform', 'model__dropout_rate': 0.3, 'model__activation': 'relu', 'epochs': 100, 'batch_size': 32};;;;;;92
53.26680151621501;0.4499329877048201;0.8105242252349854;0.077659018011481;sgd;32;mse;random_uniform;0.3;tanh;100;32;{'model__optimizer': 'sgd', 'model__neurons': 32, 'model__loss': 'mse', 'model__kernel_initializer': 'random_uniform', 'model__dropout_rate': 0.3, 'model__activation': 'tanh', 'epochs': 100, 'batch_size': 32};-9207.981920922864;-9038.308748187816;-8839.356010410427;-9028.548893173704;150.6490547657102;21
57.993877490361534;0.3702767852974759;0.6864362557729086;0.0664049357431351;adam;32;mse;normal;0.2;tanh;100;32;{'model__optimizer': 'adam', 'model__neurons': 32, 'model__loss': 'mse', 'model__kernel_initializer': 'normal', 'model__dropout_rate': 0.2, 'model__activation': 'tanh', 'epochs': 100, 'batch_size': 32};-53527.65367807531;-53932.04329648389;-54236.82059908842;-53898.83919121587;290.4666531862046;59
26.418225685755413;1.6608779744366424;0.7638943195343018;0.0714944092968105;sgd;16;mse;normal;0.2;relu;50;32;{'model__optimizer': 'sgd', 'model__neurons': 16, 'model__loss': 'mse', 'model__kernel_initializer': 'normal', 'model__dropout_rate': 0.2, 'model__activation': 'relu', 'epochs': 50, 'batch_size': 32};;;;;;92
51.04073556264242;0.3639895029551516;0.6850340366363525;0.0581341445744198;adam;4;mae;random_uniform;0.3;relu;100;32;{'model__optimizer': 'adam', 'model__neurons': 4, 'model__loss': 'mae', 'model__kernel_initializer': 'random_uniform', 'model__dropout_rate': 0.3, 'model__activation': 'relu', 'epochs': 100, 'batch_size': 32};-14516.741892787428;-27608.54059516618;-27841.035434495592;-23322.105974149734;6227.056068297859;33
27.083688100179035;2.5692464955223238;0.884913444519043;0.0987912121530096;sgd;4;mse;normal;0.3;tanh;50;32;{'model__optimizer': 'sgd', 'model__neurons': 4, 'model__loss': 'mse', 'model__kernel_initializer': 'normal', 'model__dropout_rate': 0.3, 'model__activation': 'tanh', 'epochs': 50, 'batch_size': 32};-8981.93219259399;-8902.542400904293;-8825.642103264527;-8903.372232254269;63.80785986436108;7
32.64610107739767;1.7645688319876798;0.8090267976125082;0.0495499127070393;adam;16;mse;random_uniform;0.3;relu;50;32;{'model__optimizer': 'adam', 'model__neurons': 16, 'model__loss': 'mse', 'model__kernel_initializer': 'random_uniform', 'model__dropout_rate': 0.3, 'model__activation': 'relu', 'epochs': 50, 'batch_size': 32};-8355.912976065925;-5013.906337427348;-7738.747483894569;-7036.188932462615;1451.9971262181627;6
56.91235693295797;0.3831278433236373;0.7596867879231771;0.0868427173625185;sgd;16;mae;normal;0.3;relu;100;32;{'model__optimizer': 'sgd', 'model__neurons': 16, 'model__loss': 'mae', 'model__kernel_initializer': 'normal', 'model__dropout_rate': 0.3, 'model__activation': 'relu', 'epochs': 100, 'batch_size': 32};-15682.767966643603;-54260.3469921626;-73883.85667524884;-47942.32387801834;24176.844897130806;47
53.67400097846985;0.4323274802527069;0.8455760478973389;0.0606463844177474;sgd;32;mae;normal;0.3;relu;100;32;{'model__optimizer': 'sgd', 'model__neurons': 32, 'model__loss': 'mae', 'model__kernel_initializer': 'normal', 'model__dropout_rate': 0.3, 'model__activation': 'relu', 'epochs': 100, 'batch_size': 32};-15837.466876715313;-54260.349494604;-11740.529584718935;-27279.448652012758;19151.553139836007;38
29.860208988189697;0.9502122553289396;0.8687384923299154;0.0109453932545218;adam;4;mae;normal;0.3;tanh;50;32;{'model__optimizer': 'adam', 'model__neurons': 4, 'model__loss': 'mae', 'model__kernel_initializer': 'normal', 'model__dropout_rate': 0.3, 'model__activation': 'tanh', 'epochs': 50, 'batch_size': 32};-53957.558776036734;-54363.11818280591;-54666.66329145465;-54329.11341676576;290.48757464144404;89
59.29841168721517;1.6080964689005168;0.6607531706492106;0.0434248120239829;adam;32;mae;normal;0.3;tanh;100;32;{'model__optimizer': 'adam', 'model__neurons': 32, 'model__loss': 'mae', 'model__kernel_initializer': 'normal', 'model__dropout_rate': 0.3, 'model__activation': 'tanh', 'epochs': 100, 'batch_size': 32};-53528.13008798742;-53933.25359311474;-54237.70933199858;-53899.69767103358;290.65463562207384;60
58.795674562454224;1.2474685597394215;0.6445600986480713;0.0478587489422218;adam;16;mae;normal;0.2;tanh;100;32;{'model__optimizer': 'adam', 'model__neurons': 16, 'model__loss': 'mae', 'model__kernel_initializer': 'normal', 'model__dropout_rate': 0.2, 'model__activation': 'tanh', 'epochs': 100, 'batch_size': 32};-53751.65534128332;-54156.07686581982;-54460.52569247221;-54122.75263319178;290.3528566633513;67
28.041242917378742;2.034960631294568;0.765050490697225;0.0920458882468241;sgd;32;mse;random_uniform;0.3;relu;50;32;{'model__optimizer': 'sgd', 'model__neurons': 32, 'model__loss': 'mse', 'model__kernel_initializer': 'random_uniform', 'model__dropout_rate': 0.3, 'model__activation': 'relu', 'epochs': 50, 'batch_size': 32};;;;;;92
25.31821854909261;1.7024479724431618;0.7229437033335367;0.0886792560381152;sgd;32;mae;normal;0.2;relu;50;32;{'model__optimizer': 'sgd', 'model__neurons': 32, 'model__loss': 'mae', 'model__kernel_initializer': 'normal', 'model__dropout_rate': 0.2, 'model__activation': 'relu', 'epochs': 50, 'batch_size': 32};-53926.59672464513;-54330.35530057324;-54634.71756411528;-54297.22319644455;290.03687474293315;86
24.994779507319134;1.7482067821705756;0.7753603458404541;0.1141936472979081;sgd;32;mae;random_uniform;0.3;tanh;50;32;{'model__optimizer': 'sgd', 'model__neurons': 32, 'model__loss': 'mae', 'model__kernel_initializer': 'random_uniform', 'model__dropout_rate': 0.3, 'model__activation': 'tanh', 'epochs': 50, 'batch_size': 32};-51685.09572519445;-52089.097465185056;-52394.69337130522;-52056.29552056157;290.6190869159586;52
53.47248379389445;2.256013310966783;0.8418434460957845;0.084358710967772;adam;4;mse;normal;0.2;tanh;100;32;{'model__optimizer': 'adam', 'model__neurons': 4, 'model__loss': 'mse', 'model__kernel_initializer': 'normal', 'model__dropout_rate': 0.2, 'model__activation': 'tanh', 'epochs': 100, 'batch_size': 32};-53922.5186302344;-54327.90538754834;-54631.84004641508;-54294.08802139927;290.5648849546803;84
58.05915093421936;0.6407654567342188;0.8840013345082601;0.0746371897978468;adam;16;mse;normal;0.2;tanh;100;32;{'model__optimizer': 'adam', 'model__neurons': 16, 'model__loss': 'mse', 'model__kernel_initializer': 'normal', 'model__dropout_rate': 0.2, 'model__activation': 'tanh', 'epochs': 100, 'batch_size': 32};-53752.37284006261;-54155.642417577634;-54460.58984042143;-54122.86836602056;290.0556656240429;68
55.80984886487325;1.3390554865828186;0.8792224725087484;0.0307620887688447;sgd;32;mse;normal;0.3;relu;100;32;{'model__optimizer': 'sgd', 'model__neurons': 32, 'model__loss': 'mse', 'model__kernel_initializer': 'normal', 'model__dropout_rate': 0.3, 'model__activation': 'relu', 'epochs': 100, 'batch_size': 32};;;;;;92
25.815815925598145;2.187035119100878;0.7403411865234375;0.1192440618428559;sgd;32;mae;random_uniform;0.3;relu;50;32;{'model__optimizer': 'sgd', 'model__neurons': 32, 'model__loss': 'mae', 'model__kernel_initializer': 'random_uniform', 'model__dropout_rate': 0.3, 'model__activation': 'relu', 'epochs': 50, 'batch_size': 32};-53926.59672464513;-16653.68044527583;-17720.047963171724;-29433.4417110309;17324.746593846772;39
26.937385082244877;0.7101284488656194;0.7593356768290201;0.1216505074882947;sgd;32;mse;random_uniform;0.2;relu;50;32;{'model__optimizer': 'sgd', 'model__neurons': 32, 'model__loss': 'mse', 'model__kernel_initializer': 'random_uniform', 'model__dropout_rate': 0.2, 'model__activation': 'relu', 'epochs': 50, 'batch_size': 32};;;;;;92
49.705647786458336;0.4964862467192567;0.7692038218180338;0.0728011539892651;sgd;16;mae;normal;0.3;tanh;100;32;{'model__optimizer': 'sgd', 'model__neurons': 16, 'model__loss': 'mae', 'model__kernel_initializer': 'normal', 'model__dropout_rate': 0.3, 'model__activation': 'tanh', 'epochs': 100, 'batch_size': 32};-51617.950461522574;-52021.626762060056;-52323.67774630522;-51987.75165662928;289.1059692657475;49
26.6796510219574;1.7667945602394484;0.7075839837392172;0.0596738123590869;adam;4;mse;random_uniform;0.2;relu;50;32;{'model__optimizer': 'adam', 'model__neurons': 4, 'model__loss': 'mse', 'model__kernel_initializer': 'random_uniform', 'model__dropout_rate': 0.2, 'model__activation': 'relu', 'epochs': 50, 'batch_size': 32};-9377.136557348498;-54393.33539834393;-12110.174430580604;-25293.548795424344;20606.8849215616;35
30.749998251597088;1.3128835300998518;0.6730702718098959;0.0397110827919166;adam;16;mae;normal;0.3;relu;50;32;{'model__optimizer': 'adam', 'model__neurons': 16, 'model__loss': 'mae', 'model__kernel_initializer': 'normal', 'model__dropout_rate': 0.3, 'model__activation': 'relu', 'epochs': 50, 'batch_size': 32};-16011.838486397606;-6010.625172990491;-7622.068889658438;-9881.510849682178;4384.432719908386;23
30.557367006937664;2.59013468113168;0.817488431930542;0.1108805727441969;adam;4;mae;random_uniform;0.2;relu;50;32;{'model__optimizer': 'adam', 'model__neurons': 4, 'model__loss': 'mae', 'model__kernel_initializer': 'random_uniform', 'model__dropout_rate': 0.2, 'model__activation': 'relu', 'epochs': 50, 'batch_size': 32};-17895.230860034353;-18933.52203698315;-19375.216600602973;-18734.656499206827;620.3494040500681;29
46.03265372912089;2.758954722065499;0.6950692335764567;0.0590816635715335;sgd;32;mae;random_uniform;0.2;relu;100;32;{'model__optimizer': 'sgd', 'model__neurons': 32, 'model__loss': 'mae', 'model__kernel_initializer': 'random_uniform', 'model__dropout_rate': 0.2, 'model__activation': 'relu', 'epochs': 100, 'batch_size': 32};-10515.734888247269;-12139.271544155496;-12666.88988918151;-11773.96544052809;915.4064203116473;26
28.63395667076111;0.6514537968945954;0.8384904066721598;0.0656026156408634;sgd;32;mae;random_uniform;0.2;tanh;50;32;{'model__optimizer': 'sgd', 'model__neurons': 32, 'model__loss': 'mae', 'model__kernel_initializer': 'random_uniform', 'model__dropout_rate': 0.2, 'model__activation': 'tanh', 'epochs': 50, 'batch_size': 32};-51685.97951644165;-52089.68560235386;-52392.45167208647;-52056.03893029399;289.3956928738319;51
30.931254466374718;1.3633282810140364;0.8576655387878418;0.0319372300301165;adam;16;mse;normal;0.2;relu;50;32;{'model__optimizer': 'adam', 'model__neurons': 16, 'model__loss': 'mse', 'model__kernel_initializer': 'normal', 'model__dropout_rate': 0.2, 'model__activation': 'relu', 'epochs': 50, 'batch_size': 32};-10198.932395877317;-10369.14462654323;-8645.001284599148;-9737.692769006566;775.7680327432205;22
58.083235581715904;1.0790621003898966;0.752037525177002;0.1205453591994017;adam;32;mse;normal;0.3;relu;100;32;{'model__optimizer': 'adam', 'model__neurons': 32, 'model__loss': 'mse', 'model__kernel_initializer': 'normal', 'model__dropout_rate': 0.3, 'model__activation': 'relu', 'epochs': 100, 'batch_size': 32};-4346.924640464278;-5116.826281008564;-7028.246983214203;-5497.332634895681;1127.227037304032;2
26.608347336451214;2.38190388965082;0.6799023151397705;0.0831774773757574;sgd;4;mse;random_uniform;0.3;tanh;50;32;{'model__optimizer': 'sgd', 'model__neurons': 4, 'model__loss': 'mse', 'model__kernel_initializer': 'random_uniform', 'model__dropout_rate': 0.3, 'model__activation': 'tanh', 'epochs': 50, 'batch_size': 32};-8981.49411932777;-8906.104726318605;-8870.411586638365;-8919.33681076158;46.30441527689474;11
26.69186838467916;2.3765291651986877;0.7424147923787435;0.1350875369593366;sgd;4;mae;normal;0.2;tanh;50;32;{'model__optimizer': 'sgd', 'model__neurons': 4, 'model__loss': 'mae', 'model__kernel_initializer': 'normal', 'model__dropout_rate': 0.2, 'model__activation': 'tanh', 'epochs': 50, 'batch_size': 32};-53646.86241830968;-54051.58968320264;-54355.09690524077;-54017.84966891769;290.11815241678664;66
24.34866007169088;2.5064199845443134;0.6544167995452881;0.040401458713502;sgd;4;mae;random_uniform;0.3;relu;50;32;{'model__optimizer': 'sgd', 'model__neurons': 4, 'model__loss': 'mae', 'model__kernel_initializer': 'random_uniform', 'model__dropout_rate': 0.3, 'model__activation': 'relu', 'epochs': 50, 'batch_size': 32};-53926.58484567785;-16876.21867644653;-54634.65630007719;-41812.486607400526;17634.97349094269;44
31.2341050306956;1.2503508212592989;0.7153309981028239;0.124141241385935;adam;32;mae;normal;0.3;tanh;50;32;{'model__optimizer': 'adam', 'model__neurons': 32, 'model__loss': 'mae', 'model__kernel_initializer': 'normal', 'model__dropout_rate': 0.3, 'model__activation': 'tanh', 'epochs': 50, 'batch_size': 32};-53758.52905954504;-54161.53144040478;-54467.37560705031;-54129.14536900004;290.2900850222192;74
27.943670908610027;0.4523522201412015;0.7585179011027018;0.0803076404686128;sgd;4;mse;normal;0.3;relu;50;32;{'model__optimizer': 'sgd', 'model__neurons': 4, 'model__loss': 'mse', 'model__kernel_initializer': 'normal', 'model__dropout_rate': 0.3, 'model__activation': 'relu', 'epochs': 50, 'batch_size': 32};;;;;;92
57.05502406756083;1.9901366845251147;0.7685108184814453;0.1272605230437222;adam;32;mae;random_uniform;0.3;tanh;100;32;{'model__optimizer': 'adam', 'model__neurons': 32, 'model__loss': 'mae', 'model__kernel_initializer': 'random_uniform', 'model__dropout_rate': 0.3, 'model__activation': 'tanh', 'epochs': 100, 'batch_size': 32};-53528.634848729605;-53933.88054623974;-54236.71064425444;-53899.7420130746;290.07690088093585;61
31.23503891626994;0.6823502568279433;0.745564858118693;0.0891824050335859;adam;4;mae;random_uniform;0.2;tanh;50;32;{'model__optimizer': 'adam', 'model__neurons': 4, 'model__loss': 'mae', 'model__kernel_initializer': 'random_uniform', 'model__dropout_rate': 0.2, 'model__activation': 'tanh', 'epochs': 50, 'batch_size': 32};-53958.72718729162;-54363.27980008496;-54667.12698412871;-54329.71132383509;290.1754641454152;91
46.60971426963806;2.20729830818418;0.75718092918396;0.0341156461375087;sgd;16;mse;normal;0.2;tanh;100;32;{'model__optimizer': 'sgd', 'model__neurons': 16, 'model__loss': 'mse', 'model__kernel_initializer': 'normal', 'model__dropout_rate': 0.2, 'model__activation': 'tanh', 'epochs': 100, 'batch_size': 32};-8977.836290418265;-8924.72111973966;-8876.601567342705;-8926.386325833542;41.34567266794822;13
55.23190975189209;1.9202857372289897;0.7856490612030029;0.1094805438718929;adam;4;mae;random_uniform;0.2;relu;100;32;{'model__optimizer': 'adam', 'model__neurons': 4, 'model__loss': 'mae', 'model__kernel_initializer': 'random_uniform', 'model__dropout_rate': 0.2, 'model__activation': 'relu', 'epochs': 100, 'batch_size': 32};-19733.170015165782;-19148.272277300548;-18715.391774505377;-19198.94468899057;417.0482839914421;30
49.91566960016886;4.680999717135458;0.7497941652933756;0.1224861407961849;sgd;4;mae;random_uniform;0.2;tanh;100;32;{'model__optimizer': 'sgd', 'model__neurons': 4, 'model__loss': 'mae', 'model__kernel_initializer': 'random_uniform', 'model__dropout_rate': 0.2, 'model__activation': 'tanh', 'epochs': 100, 'batch_size': 32};-53296.20448984289;-53700.310844091306;-54003.1267209146;-53666.54735161626;289.5856122852501;56
31.728182872136436;0.9859337857222928;0.6963090896606445;0.055883798501705;adam;32;mse;normal;0.3;relu;50;32;{'model__optimizer': 'adam', 'model__neurons': 32, 'model__loss': 'mse', 'model__kernel_initializer': 'normal', 'model__dropout_rate': 0.3, 'model__activation': 'relu', 'epochs': 50, 'batch_size': 32};-10658.895811504826;-6589.742788287615;-3265.7842810872285;-6838.140960293223;3023.331580027813;5
50.52324414253235;5.026553466368834;0.81414262453715;0.1069560626311546;sgd;4;mse;random_uniform;0.3;tanh;100;32;{'model__optimizer': 'sgd', 'model__neurons': 4, 'model__loss': 'mse', 'model__kernel_initializer': 'random_uniform', 'model__dropout_rate': 0.3, 'model__activation': 'tanh', 'epochs': 100, 'batch_size': 32};-8989.573719471182;-8902.272584624485;-8951.055240494346;-8947.633848196672;35.722555715973456;18
28.53177221616109;1.2410505423234437;0.7986034552256266;0.103242355922245;sgd;16;mae;normal;0.3;relu;50;32;{'model__optimizer': 'sgd', 'model__neurons': 16, 'model__loss': 'mae', 'model__kernel_initializer': 'normal', 'model__dropout_rate': 0.3, 'model__activation': 'relu', 'epochs': 50, 'batch_size': 32};-53926.59672464513;-54330.35530057324;-17643.6466849046;-41966.86623670765;17199.903338310167;45
25.619364738464355;0.9873094414336184;0.823868195215861;0.1277318688230606;sgd;4;mse;random_uniform;0.2;tanh;50;32;{'model__optimizer': 'sgd', 'model__neurons': 4, 'model__loss': 'mse', 'model__kernel_initializer': 'random_uniform', 'model__dropout_rate': 0.2, 'model__activation': 'tanh', 'epochs': 50, 'batch_size': 32};-8973.555107140804;-8911.009270285676;-8835.513990858804;-8906.692789428429;56.43764376925746;8
29.02937809626261;2.13717628757877;0.7306903998057047;0.0519622486682597;adam;16;mse;random_uniform;0.3;tanh;50;32;{'model__optimizer': 'adam', 'model__neurons': 16, 'model__loss': 'mse', 'model__kernel_initializer': 'random_uniform', 'model__dropout_rate': 0.3, 'model__activation': 'tanh', 'epochs': 50, 'batch_size': 32};-53871.3854289937;-54275.746627477536;-54579.877766141646;-54242.33660753763;290.2039742705445;82
28.89003364245097;1.986771455267048;0.6415371100107828;0.0351541887725268;adam;16;mae;normal;0.2;relu;50;32;{'model__optimizer': 'adam', 'model__neurons': 16, 'model__loss': 'mae', 'model__kernel_initializer': 'normal', 'model__dropout_rate': 0.2, 'model__activation': 'relu', 'epochs': 50, 'batch_size': 32};-11153.475679898282;-10748.93094417466;-12610.205137026353;-11504.203920366432;799.3093390506348;25
26.26769367853801;2.287680777942955;0.7517135938008627;0.099030265073628;sgd;4;mae;random_uniform;0.3;tanh;50;32;{'model__optimizer': 'sgd', 'model__neurons': 4, 'model__loss': 'mae', 'model__kernel_initializer': 'random_uniform', 'model__dropout_rate': 0.3, 'model__activation': 'tanh', 'epochs': 50, 'batch_size': 32};-53646.680106297965;-54049.6684185542;-54355.025982389205;-54017.12483574712;290.0951379924722;65
28.909121910731;0.3797193629464006;0.7953638235727946;0.0337999766961295;sgd;16;mae;normal;0.2;tanh;50;32;{'model__optimizer': 'sgd', 'model__neurons': 16, 'model__loss': 'mae', 'model__kernel_initializer': 'normal', 'model__dropout_rate': 0.2, 'model__activation': 'tanh', 'epochs': 50, 'batch_size': 32};-52804.51723398351;-53209.251273778806;-53513.834240445845;-53175.86758273605;290.53801476444806;55
51.09352644284567;0.1689618854337185;0.7460672855377197;0.019817642291292;adam;32;mse;random_uniform;0.3;tanh;100;32;{'model__optimizer': 'adam', 'model__neurons': 32, 'model__loss': 'mse', 'model__kernel_initializer': 'random_uniform', 'model__dropout_rate': 0.3, 'model__activation': 'tanh', 'epochs': 100, 'batch_size': 32};-53529.20281137609;-53933.28215756787;-54236.79658175444;-53899.76051689946;289.8447990038671;62
52.82507832845052;4.435125001034286;0.8282020886739095;0.0518830793291422;sgd;32;mae;normal;0.2;tanh;100;32;{'model__optimizer': 'sgd', 'model__neurons': 32, 'model__loss': 'mae', 'model__kernel_initializer': 'normal', 'model__dropout_rate': 0.2, 'model__activation': 'tanh', 'epochs': 100, 'batch_size': 32};-49375.93898953484;-49780.41435971631;-50084.55176974273;-49746.968372997966;290.2550528864339;48
56.69981813430786;0.3794606954648088;0.7059822082519531;0.113916625793369;adam;16;mae;normal;0.3;relu;100;32;{'model__optimizer': 'adam', 'model__neurons': 16, 'model__loss': 'mae', 'model__kernel_initializer': 'normal', 'model__dropout_rate': 0.3, 'model__activation': 'relu', 'epochs': 100, 'batch_size': 32};-7835.103660661235;-23699.89678268366;-8776.120986256026;-13437.04047653364;7267.096764287639;28
28.434632698694863;0.217908747287686;0.8013416131337484;0.1172566597654342;sgd;16;mse;random_uniform;0.3;tanh;50;32;{'model__optimizer': 'sgd', 'model__neurons': 16, 'model__loss': 'mse', 'model__kernel_initializer': 'random_uniform', 'model__dropout_rate': 0.3, 'model__activation': 'tanh', 'epochs': 50, 'batch_size': 32};-8969.978290550498;-8956.033927116496;-8877.838391246474;-8934.616869637823;40.55003513539377;14
30.33160392443339;0.040858134858802;0.8364380995432535;0.0541949541450668;adam;16;mae;normal;0.3;tanh;50;32;{'model__optimizer': 'adam', 'model__neurons': 16, 'model__loss': 'mae', 'model__kernel_initializer': 'normal', 'model__dropout_rate': 0.3, 'model__activation': 'tanh', 'epochs': 50, 'batch_size': 32};-53871.348631993766;-54274.97368588818;-54579.17322981631;-54241.83184923275;289.9168861626076;78
25.6264108022054;2.39311832919992;0.6809749603271484;0.0187784606851732;sgd;32;mae;normal;0.2;tanh;50;32;{'model__optimizer': 'sgd', 'model__neurons': 32, 'model__loss': 'mae', 'model__kernel_initializer': 'normal', 'model__dropout_rate': 0.2, 'model__activation': 'tanh', 'epochs': 50, 'batch_size': 32};-51685.144114630966;-52090.60015073193;-52395.47364474272;-52057.07263670187;290.9582799245431;53
47.81471514701843;3.539294482837082;0.821476141611735;0.0746951143011901;sgd;4;mae;normal;0.2;tanh;100;32;{'model__optimizer': 'sgd', 'model__neurons': 4, 'model__loss': 'mae', 'model__kernel_initializer': 'normal', 'model__dropout_rate': 0.2, 'model__activation': 'tanh', 'epochs': 100, 'batch_size': 32};-53297.29341806554;-53702.16100278271;-54004.038342008345;-53667.8309209522;289.5467869718659;57
52.268906037012734;3.4953307159123104;0.7028064727783203;0.0578424925919294;sgd;16;mae;normal;0.2;tanh;100;32;{'model__optimizer': 'sgd', 'model__neurons': 16, 'model__loss': 'mae', 'model__kernel_initializer': 'normal', 'model__dropout_rate': 0.2, 'model__activation': 'tanh', 'epochs': 100, 'batch_size': 32};-51618.53518203344;-52023.94634213818;-52325.9685177896;-51989.483347320405;289.8347283581085;50
49.39252654711405;3.609241826680935;0.7625649770100912;0.1002539741927527;sgd;4;mae;normal;0.2;relu;100;32;{'model__optimizer': 'sgd', 'model__neurons': 4, 'model__loss': 'mae', 'model__kernel_initializer': 'normal', 'model__dropout_rate': 0.2, 'model__activation': 'relu', 'epochs': 100, 'batch_size': 32};-53856.58278574133;-54260.3469921626;-54564.65050936674;-54227.19342909022;290.016487310999;76
57.8649320602417;4.15413068903402;0.7848836580912272;0.0366195742017082;adam;16;mae;random_uniform;0.3;relu;100;32;{'model__optimizer': 'adam', 'model__neurons': 16, 'model__loss': 'mae', 'model__kernel_initializer': 'random_uniform', 'model__dropout_rate': 0.3, 'model__activation': 'relu', 'epochs': 100, 'batch_size': 32};-6042.956737544076;-7160.320258063438;-5864.099531301835;-6355.792175636449;573.5541541513642;4
31.51039282480876;2.2759219707595046;0.8677293459574381;0.1479074107141016;sgd;32;mse;normal;0.3;relu;50;32;{'model__optimizer': 'sgd', 'model__neurons': 32, 'model__loss': 'mse', 'model__kernel_initializer': 'normal', 'model__dropout_rate': 0.3, 'model__activation': 'relu', 'epochs': 50, 'batch_size': 32};;;;;;92
29.51683004697164;0.957810962382354;0.8433224360148112;0.0569594017904535;sgd;4;mae;random_uniform;0.2;relu;50;32;{'model__optimizer': 'sgd', 'model__neurons': 4, 'model__loss': 'mae', 'model__kernel_initializer': 'random_uniform', 'model__dropout_rate': 0.2, 'model__activation': 'relu', 'epochs': 50, 'batch_size': 32};-53926.603598729605;-10661.674375334704;-12149.697296146842;-25579.325090070382;20053.75612678475;36
26.73321294784546;1.7515931184140583;0.7336624463399252;0.1286897712572344;sgd;32;mse;random_uniform;0.2;tanh;50;32;{'model__optimizer': 'sgd', 'model__neurons': 32, 'model__loss': 'mse', 'model__kernel_initializer': 'random_uniform', 'model__dropout_rate': 0.2, 'model__activation': 'tanh', 'epochs': 50, 'batch_size': 32};-9056.73832336354;-8919.099485357036;-8937.807493188324;-8971.2151006363;60.95442892573472;19
32.50249091784159;0.5735914674398569;0.8285418351491293;0.0430141291324699;adam;16;mse;normal;0.3;relu;50;32;{'model__optimizer': 'adam', 'model__neurons': 16, 'model__loss': 'mse', 'model__kernel_initializer': 'normal', 'model__dropout_rate': 0.3, 'model__activation': 'relu', 'epochs': 50, 'batch_size': 32};-12525.681299247171;-8025.175164827706;-15142.850511571934;-11897.902325215604;2939.490365759541;27
31.52457435925801;0.8041650083900508;0.7218062877655029;0.0951375453161316;adam;32;mae;normal;0.2;tanh;50;32;{'model__optimizer': 'adam', 'model__neurons': 32, 'model__loss': 'mae', 'model__kernel_initializer': 'normal', 'model__dropout_rate': 0.2, 'model__activation': 'tanh', 'epochs': 50, 'batch_size': 32};-53758.30588471468;-54160.95316281689;-54464.76227999663;-54128.00710917607;289.34897205804447;71
49.71625757217407;4.097130289551093;0.6802426973978678;0.0355869797668559;sgd;4;mae;normal;0.3;tanh;100;32;{'model__optimizer': 'sgd', 'model__neurons': 4, 'model__loss': 'mae', 'model__kernel_initializer': 'normal', 'model__dropout_rate': 0.3, 'model__activation': 'tanh', 'epochs': 100, 'batch_size': 32};-53298.76534189367;-53703.273917821774;-54005.17823458647;-53669.07249810064;289.4040964624369;58
56.21425700187683;2.2149751447304533;0.6551698843638102;0.0397001311850479;adam;16;mse;normal;0.3;tanh;100;32;{'model__optimizer': 'adam', 'model__neurons': 16, 'model__loss': 'mse', 'model__kernel_initializer': 'normal', 'model__dropout_rate': 0.3, 'model__activation': 'tanh', 'epochs': 100, 'batch_size': 32};-53752.5374823966;-54157.46689572705;-54461.18992281889;-54123.73143364751;290.2879391000233;70
32.18553193410238;0.734842759069533;0.8240752220153809;0.0939496279492225;adam;4;mse;random_uniform;0.2;tanh;50;32;{'model__optimizer': 'adam', 'model__neurons': 4, 'model__loss': 'mse', 'model__kernel_initializer': 'random_uniform', 'model__dropout_rate': 0.2, 'model__activation': 'tanh', 'epochs': 50, 'batch_size': 32};-53957.91538919592;-54361.12425580395;-54665.52170992827;-54328.187118309375;289.8163988399631;87
50.980976581573486;3.768095116337921;0.846080462137858;0.0646621894536048;sgd;32;mae;normal;0.2;relu;100;32;{'model__optimizer': 'sgd', 'model__neurons': 32, 'model__loss': 'mae', 'model__kernel_initializer': 'normal', 'model__dropout_rate': 0.2, 'model__activation': 'relu', 'epochs': 100, 'batch_size': 32};-53856.75519479894;-12352.569635882484;-9163.471415990374;-25124.265415557264;20358.611012700912;34
28.53329102198283;0.8602920518990703;0.7951896985371908;0.1109946210228303;adam;4;mse;normal;0.2;tanh;50;32;{'model__optimizer': 'adam', 'model__neurons': 4, 'model__loss': 'mse', 'model__kernel_initializer': 'normal', 'model__dropout_rate': 0.2, 'model__activation': 'tanh', 'epochs': 50, 'batch_size': 32};-53957.70170129919;-54362.687476781735;-54667.26285220122;-54329.21734342738;290.64232782743176;90
56.48553307851156;3.214737267120636;0.8723774751027426;0.0797184680744056;adam;16;mse;normal;0.3;relu;100;32;{'model__optimizer': 'adam', 'model__neurons': 16, 'model__loss': 'mse', 'model__kernel_initializer': 'normal', 'model__dropout_rate': 0.3, 'model__activation': 'relu', 'epochs': 100, 'batch_size': 32};-4806.809581689695;-13392.626538346409;-12348.36213359376;-10182.59941787662;3825.089045490431;24
58.800727208455406;3.760628534422487;0.7268693447113037;0.1245908112371561;adam;32;mse;random_uniform;0.3;relu;100;32;{'model__optimizer': 'adam', 'model__neurons': 32, 'model__loss': 'mse', 'model__kernel_initializer': 'random_uniform', 'model__dropout_rate': 0.3, 'model__activation': 'relu', 'epochs': 100, 'batch_size': 32};-5883.669585110259;-4395.1846497408;-5238.636288951199;-5172.49684126742;609.4684408621403;1
57.96177315711975;2.906969002954052;0.6494429111480713;0.0986478466018453;adam;4;mae;normal;0.3;relu;100;32;{'model__optimizer': 'adam', 'model__neurons': 4, 'model__loss': 'mae', 'model__kernel_initializer': 'normal', 'model__dropout_rate': 0.3, 'model__activation': 'relu', 'epochs': 100, 'batch_size': 32};-53982.5712386527;-20916.572325364024;-14642.8880508966;-29847.34387163777;17257.301423591787;40
57.57467166582743;4.895910059173386;0.7409864266713461;0.0226310468763269;adam;4;mse;random_uniform;0.3;tanh;100;32;{'model__optimizer': 'adam', 'model__neurons': 4, 'model__loss': 'mse', 'model__kernel_initializer': 'random_uniform', 'model__dropout_rate': 0.3, 'model__activation': 'tanh', 'epochs': 100, 'batch_size': 32};-53923.10896219396;-54327.2567211665;-54630.672131070845;-54293.6792714771;289.835577909853;83
31.131097078323364;0.931313536950554;0.6568840344746908;0.0267858586628498;adam;4;mse;random_uniform;0.3;relu;50;32;{'model__optimizer': 'adam', 'model__neurons': 4, 'model__loss': 'mse', 'model__kernel_initializer': 'random_uniform', 'model__dropout_rate': 0.3, 'model__activation': 'relu', 'epochs': 50, 'batch_size': 32};-12941.78471612357;-22895.264948930864;-28092.295765521874;-21309.781810192104;6285.9533274279465;31
30.91546829541524;0.7219039071041905;0.7665622234344482;0.133200253140315;adam;4;mae;normal;0.3;relu;50;32;{'model__optimizer': 'adam', 'model__neurons': 4, 'model__loss': 'mae', 'model__kernel_initializer': 'normal', 'model__dropout_rate': 0.3, 'model__activation': 'relu', 'epochs': 50, 'batch_size': 32};-27507.379275687315;-27897.391919533493;-14411.609110565223;-23272.126768595343;6267.354962650387;32
29.558377822240196;1.1608471987231024;0.7217516104380289;0.0316065061721289;adam;32;mae;random_uniform;0.3;tanh;50;32;{'model__optimizer': 'adam', 'model__neurons': 32, 'model__loss': 'mae', 'model__kernel_initializer': 'random_uniform', 'model__dropout_rate': 0.3, 'model__activation': 'tanh', 'epochs': 50, 'batch_size': 32};-53757.88196481847;-54162.2373272456;-54466.38625773969;-54128.83518326792;290.20838569170337;72
32.47844592730204;1.323682126776866;0.8140931129455566;0.090600064199513;adam;16;mae;random_uniform;0.2;tanh;50;32;{'model__optimizer': 'adam', 'model__neurons': 16, 'model__loss': 'mae', 'model__kernel_initializer': 'random_uniform', 'model__dropout_rate': 0.2, 'model__activation': 'tanh', 'epochs': 50, 'batch_size': 32};-53871.89261545324;-54273.60430112256;-54580.127964505904;-54241.87496036056;290.00504675014497;79
54.074530045191445;5.295874489554191;0.8473844528198242;0.1062275650627203;sgd;4;mae;random_uniform;0.3;relu;100;32;{'model__optimizer': 'sgd', 'model__neurons': 4, 'model__loss': 'mae', 'model__kernel_initializer': 'random_uniform', 'model__dropout_rate': 0.3, 'model__activation': 'relu', 'epochs': 100, 'batch_size': 32};-53856.58904184484;-54260.32950559033;-54564.670498380416;-54227.19634860519;290.02090940854225;77
56.833999236424766;3.0777576830113302;0.9528594811757406;0.2171407375242377;adam;32;mse;normal;0.3;tanh;100;32;{'model__optimizer': 'adam', 'model__neurons': 32, 'model__loss': 'mse', 'model__kernel_initializer': 'normal', 'model__dropout_rate': 0.3, 'model__activation': 'tanh', 'epochs': 100, 'batch_size': 32};-53529.36131967687;-53934.38582578076;-54237.76981783842;-53900.50565443202;290.197116428175;63
34.943206469217934;2.14854526127011;0.8144239584604899;0.1299965415105194;adam;4;mae;random_uniform;0.3;relu;50;32;{'model__optimizer': 'adam', 'model__neurons': 4, 'model__loss': 'mae', 'model__kernel_initializer': 'random_uniform', 'model__dropout_rate': 0.3, 'model__activation': 'relu', 'epochs': 50, 'batch_size': 32};-26456.710386303228;-54393.33216777218;-27904.0019394942;-36251.3481645232;12841.919661550888;41
61.775162855784096;3.428372717063721;0.7844051520029703;0.0786746301513491;adam;32;mae;random_uniform;0.3;relu;100;32;{'model__optimizer': 'adam', 'model__neurons': 32, 'model__loss': 'mae', 'model__kernel_initializer': 'random_uniform', 'model__dropout_rate': 0.3, 'model__activation': 'relu', 'epochs': 100, 'batch_size': 32};-11217.810348522444;-1756.223214375134;-3831.686784861903;-5601.906782586494;4060.432399348909;3
58.47566278775533;4.374597076825294;0.766138474146525;0.0777218986673221;sgd;4;mse;random_uniform;0.2;relu;100;32;{'model__optimizer': 'sgd', 'model__neurons': 4, 'model__loss': 'mse', 'model__kernel_initializer': 'random_uniform', 'model__dropout_rate': 0.2, 'model__activation': 'relu', 'epochs': 100, 'batch_size': 32};-8990.181035490024;-8901.341295703049;-8858.032174080383;-8916.518168424487;55.00656622724344;9
57.02945478757223;4.00860450374359;0.7098165353139242;0.066213087066061;sgd;32;mae;random_uniform;0.3;relu;100;32;{'model__optimizer': 'sgd', 'model__neurons': 32, 'model__loss': 'mae', 'model__kernel_initializer': 'random_uniform', 'model__dropout_rate': 0.3, 'model__activation': 'relu', 'epochs': 100, 'batch_size': 32};-15674.568878975815;-54260.349494604;-10254.816449014988;-26729.9116075316;19592.297581634477;37
57.68009066581726;3.056539869630483;0.7161966959635416;0.1069191882759082;adam;4;mse;normal;0.2;relu;100;32;{'model__optimizer': 'adam', 'model__neurons': 4, 'model__loss': 'mse', 'model__kernel_initializer': 'normal', 'model__dropout_rate': 0.2, 'model__activation': 'relu', 'epochs': 100, 'batch_size': 32};-7514.149129372775;-54386.34014191998;-54690.66150141692;-38863.71692423656;22167.84012281503;42
32.795238733291626;0.5727756286293019;0.8085683981577555;0.0625942947417553;adam;4;mae;normal;0.2;tanh;50;32;{'model__optimizer': 'adam', 'model__neurons': 4, 'model__loss': 'mae', 'model__kernel_initializer': 'normal', 'model__dropout_rate': 0.2, 'model__activation': 'tanh', 'epochs': 50, 'batch_size': 32};-53959.61818231725;-54361.71365704907;-54665.20402193999;-54328.8452871021;288.9903015399855;88
32.658047676086426;0.8374835156164957;0.8747011025746664;0.0275131372395746;adam;16;mse;random_uniform;0.2;tanh;50;32;{'model__optimizer': 'adam', 'model__neurons': 16, 'model__loss': 'mse', 'model__kernel_initializer': 'random_uniform', 'model__dropout_rate': 0.2, 'model__activation': 'tanh', 'epochs': 50, 'batch_size': 32};-53872.03154672765;-54275.99494901074;-54578.05540924041;-54242.0273016596;289.2320572473341;81
29.0702486038208;0.8795605757566336;0.9797908465067544;0.2630296267307532;sgd;16;mse;normal;0.3;tanh;50;32;{'model__optimizer': 'sgd', 'model__neurons': 16, 'model__loss': 'mse', 'model__kernel_initializer': 'normal', 'model__dropout_rate': 0.3, 'model__activation': 'tanh', 'epochs': 50, 'batch_size': 32};-8972.988463521295;-8933.198109381663;-8924.416539973814;-8943.534370958923;21.133491063881664;16
54.20796052614848;4.922200985443291;0.712793747584025;0.0146883052512623;sgd;4;mae;random_uniform;0.2;relu;100;32;{'model__optimizer': 'sgd', 'model__neurons': 4, 'model__loss': 'mae', 'model__kernel_initializer': 'random_uniform', 'model__dropout_rate': 0.2, 'model__activation': 'relu', 'epochs': 100, 'batch_size': 32};-53856.57092966222;-54260.34386411084;-54564.65050936674;-54227.18843437993;290.021418391945;75
32.92753060658773;1.4032940336987063;0.7913306554158529;0.0178286502076868;adam;32;mse;random_uniform;0.2;tanh;50;32;{'model__optimizer': 'adam', 'model__neurons': 32, 'model__loss': 'mse', 'model__kernel_initializer': 'random_uniform', 'model__dropout_rate': 0.2, 'model__activation': 'tanh', 'epochs': 50, 'batch_size': 32};-53757.86920847082;-54161.56026431877;-54467.1961941812;-54128.87522232359;290.5023547143962;73
57.64424355824789;2.0644313425061576;0.7957227230072021;0.1087878154844535;sgd;4;mse;normal;0.2;tanh;100;32;{'model__optimizer': 'sgd', 'model__neurons': 4, 'model__loss': 'mse', 'model__kernel_initializer': 'normal', 'model__dropout_rate': 0.2, 'model__activation': 'tanh', 'epochs': 100, 'batch_size': 32};-8990.725329044275;-8904.485523096304;-8918.929098335122;-8938.046650158567;37.713274614981415;15
28.023582458496094;2.517579332384836;0.7268176873524984;0.0327424027146903;sgd;32;mae;random_uniform;0.2;relu;50;32;{'model__optimizer': 'sgd', 'model__neurons': 32, 'model__loss': 'mae', 'model__kernel_initializer': 'random_uniform', 'model__dropout_rate': 0.2, 'model__activation': 'relu', 'epochs': 50, 'batch_size': 32};-10264.08755054497;-54330.35530057324;-54634.67630434965;-39743.039718489286;20845.137218838303;43
29.239896774291992;2.0308266960719608;0.8174994786580404;0.099697924268634;sgd;32;mse;normal;0.2;tanh;50;32;{'model__optimizer': 'sgd', 'model__neurons': 32, 'model__loss': 'mse', 'model__kernel_initializer': 'normal', 'model__dropout_rate': 0.2, 'model__activation': 'tanh', 'epochs': 50, 'batch_size': 32};-9051.402993871245;-8901.54152488309;-8825.515219656292;-8926.153246136875;93.84605923977082;12
54.17878262201945;4.55635395586376;0.8140496412913004;0.049660441237344;sgd;32;mse;random_uniform;0.3;relu;100;32;{'model__optimizer': 'sgd', 'model__neurons': 32, 'model__loss': 'mse', 'model__kernel_initializer': 'random_uniform', 'model__dropout_rate': 0.3, 'model__activation': 'relu', 'epochs': 100, 'batch_size': 32};;;;;;92
28.95795154571533;2.4349391621399046;0.82485032081604;0.0835600844502752;sgd;4;mae;normal;0.3;relu;50;32;{'model__optimizer': 'sgd', 'model__neurons': 4, 'model__loss': 'mae', 'model__kernel_initializer': 'normal', 'model__dropout_rate': 0.3, 'model__activation': 'relu', 'epochs': 50, 'batch_size': 32};-53926.57672037267;-54330.33529630078;-17655.16716169431;-41970.69305945592;17194.46335327054;46
52.79809633890788;3.8408233105717695;0.804668664932251;0.0843014255298228;sgd;16;mse;random_uniform;0.2;tanh;100;32;{'model__optimizer': 'sgd', 'model__neurons': 16, 'model__loss': 'mse', 'model__kernel_initializer': 'random_uniform', 'model__dropout_rate': 0.2, 'model__activation': 'tanh', 'epochs': 100, 'batch_size': 32};-8969.799427064749;-8912.880557524615;-8950.314363769898;-8944.331449453086;23.619001887229235;17
33.24504590034485;0.9597703136463496;0.8131163120269775;0.0492614075856289;adam;16;mae;normal;0.2;tanh;50;32;{'model__optimizer': 'adam', 'model__neurons': 16, 'model__loss': 'mae', 'model__kernel_initializer': 'normal', 'model__dropout_rate': 0.2, 'model__activation': 'tanh', 'epochs': 50, 'batch_size': 32};-53871.20816781525;-54275.36296048535;-54579.33957339262;-54241.97023389774;290.0561181713648;80
28.660069783528645;0.4549300303583254;0.9398922125498452;0.0456604840186485;sgd;16;mse;normal;0.2;tanh;50;32;{'model__optimizer': 'sgd', 'model__neurons': 16, 'model__loss': 'mse', 'model__kernel_initializer': 'normal', 'model__dropout_rate': 0.2, 'model__activation': 'tanh', 'epochs': 50, 'batch_size': 32};-8999.317041189364;-8906.095545320282;-8844.3471789566;-8916.586588488748;63.69961297727805;10
25.96590479214986;1.529679816509304;0.7762207984924316;0.0889982512385267;sgd;4;mse;normal;0.2;relu;50;32;{'model__optimizer': 'sgd', 'model__neurons': 4, 'model__loss': 'mse', 'model__kernel_initializer': 'normal', 'model__dropout_rate': 0.2, 'model__activation': 'relu', 'epochs': 50, 'batch_size': 32};;;;;;92
28.35806131362915;0.5406432920837538;0.6465041637420654;0.0909594750614784;sgd;4;mae;normal;0.3;tanh;50;32;{'model__optimizer': 'sgd', 'model__neurons': 4, 'model__loss': 'mae', 'model__kernel_initializer': 'normal', 'model__dropout_rate': 0.3, 'model__activation': 'tanh', 'epochs': 50, 'batch_size': 32};-53647.241409517344;-54049.384574560056;-54353.009686002486;-54016.54522335996;289.0628908082508;64
23.846884330113728;1.4726135639506923;0.6734794775644938;0.1754514331715981;sgd;32;mae;normal;0.3;tanh;50;32;{'model__optimizer': 'sgd', 'model__neurons': 32, 'model__loss': 'mae', 'model__kernel_initializer': 'normal', 'model__dropout_rate': 0.3, 'model__activation': 'tanh', 'epochs': 50, 'batch_size': 32};-51688.80373300695;-52089.700980810056;-52394.364025602095;-52057.6229131397;288.93549850077267;54
34.85705828666687;1.457395297755093;0.5965474446614584;0.3686192474416652;adam;4;mse;normal;0.3;tanh;100;32;{'model__optimizer': 'adam', 'model__neurons': 4, 'model__loss': 'mse', 'model__kernel_initializer': 'normal', 'model__dropout_rate': 0.3, 'model__activation': 'tanh', 'epochs': 100, 'batch_size': 32};-53923.98654092931;-54326.745750097165;-54632.5523572061;-54294.428216077526;290.1720136434367;85
